{"version":"0.4","title":"Building List Item","type":"single-list-item","content":[{"id":"4d0e3b9","settings":[],"elements":[{"id":"18ab9ee6","settings":{"_column_size":100,"_inline_size":null,"background_background":"classic","space_between_widgets":0},"elements":[{"id":"53c0724e","settings":{"title":"3500 sqft","title_color":"#ffffff","typography_typography":"custom","typography_font_family":"Roboto","typography_font_size":{"unit":"px","size":14},"typography_font_weight":"400","_margin":{"unit":"px","top":"0","right":"0","bottom":"0","left":"0","isLinked":true},"_padding":{"unit":"px","top":"10","right":"20","bottom":"10","left":"20","isLinked":false},"_css_classes":"realestate-sqft","_background_background":"classic","_background_color":"#f7657d","_background_position":"top right","_background_size":"contain","_background_hover_color":"#c4c4c4","_background_hover_size":"contain","_border_radius":{"unit":"px","top":"25","right":"25","bottom":"25","left":"25","isLinked":true},"__dynamic__":{"title":"[elementor-tag id=\"3c8dbef\" name=\"post-terms\" settings=\"%7B%22taxonomy%22%3A%22state%22%2C%22separator%22%3A%22%2C%20%22%2C%22link%22%3A%22%22%7D\"]"},"align":"center","_element_width":"auto","_position":"absolute","_offset_orientation_h":"end","_offset_x":{"unit":"px","size":0,"sizes":[]},"_offset_y":{"unit":"px","size":10,"sizes":[]},"_offset_x_end":{"unit":"px","size":15,"sizes":[]},"custom_css":"selector {\n    margin-right:15px;\n}"},"elements":[],"isInner":false,"widgetType":"heading","elType":"widget"},{"id":"59942da9","settings":{"link_to":"custom","width":{"unit":"%","size":100,"sizes":[]},"height":{"unit":"px","size":300,"sizes":[]},"enable_object_fit":"yes","object_fit":"cover","object_position":"center center","_margin":{"unit":"px","top":"0","right":"0","bottom":"20","left":"0","isLinked":false},"__dynamic__":{"image":"[elementor-tag id=\"e363625\" name=\"gs-qe-post-featured-image\" settings=\"%7B%7D\"]","link":"[elementor-tag id=\"adcc8f9\" name=\"post-url\" settings=\"%7B%7D\"]"}},"elements":[],"isInner":false,"widgetType":"image","elType":"widget"},{"id":"2708f460","settings":{"title":"Sweet Home","title_color":"#636363","typography_typography":"custom","typography_font_weight":"400","_padding":{"unit":"px","top":"020","right":"30","bottom":"0","left":"30","isLinked":false},"link":{"url":"","is_external":"","nofollow":""},"__dynamic__":{"title":"[elementor-tag id=\"3d06744\" name=\"post-title\" settings=\"%7B%7D\"]","link":"[elementor-tag id=\"094f402\" name=\"post-url\" settings=\"%7B%7D\"]"}},"elements":[],"isInner":false,"widgetType":"heading","elType":"widget"},{"id":"257794ff","settings":{"title":"Add Your Heading Text Here","header_size":"span","title_color":"#DD6B9F","typography_typography":"custom","typography_font_size":{"unit":"em","size":2,"sizes":[]},"typography_font_weight":"bold","_padding":{"unit":"px","top":"0","right":"0","bottom":"0","left":"30","isLinked":false},"_element_width":"auto","__dynamic__":{"title":"[elementor-tag id=\"fd7514d\" name=\"acf-field\" settings=\"%7B%22key%22%3A%22building_information%3Alowest_monthly_cost%22%2C%22use_as_text%22%3A%22yes%22%2C%22prefix%22%3A%22%24%22%2C%22before%22%3A%22Rent%3A%20%22%7D\"]"}},"elements":[],"isInner":false,"widgetType":"heading","elType":"widget"},{"id":"374ca707","settings":{"title":" - ","header_size":"span","title_color":"#DD6B9F","typography_typography":"custom","typography_font_size":{"unit":"em","size":2,"sizes":[]},"typography_font_weight":"bold","_element_width":"auto","__dynamic__":[]},"elements":[],"isInner":false,"widgetType":"heading","elType":"widget"},{"id":"dc8aae5","settings":{"title":"Add Your Heading Text Here","header_size":"span","title_color":"#DD6B9F","typography_typography":"custom","typography_font_size":{"unit":"em","size":2,"sizes":[]},"typography_font_weight":"bold","_element_width":"auto","__dynamic__":{"title":"[elementor-tag id=\"fd7514d\" name=\"acf-field\" settings=\"%7B%22key%22%3A%22building_information%3Ahighest_monthly_cost_copy%22%2C%22use_as_text%22%3A%22yes%22%2C%22prefix%22%3A%22%24%22%7D\"]"}},"elements":[],"isInner":false,"widgetType":"heading","elType":"widget"},{"id":"5a92c628","settings":{"icon_list":[{"text":"179 Lora Street. Jourge Avenue\nNew York, NY-12548","icon":"fa fa-map-marker","_id":"3e81725","link":{"url":"","is_external":"","nofollow":"","custom_attributes":""},"selected_icon":{"value":"fas fa-map-marker-alt","library":"fa-solid"},"__fa4_migrated":{"selected_icon":true},"__dynamic__":{"text":"[elementor-tag id=\"f6c18ba\" name=\"acf-field\" settings=\"%7B%22key%22%3A%22building_information%3Astreet_address%22%7D\"]"}},{"text":"List Item","selected_icon":{"value":"","library":""},"link":{"url":"","is_external":"","nofollow":"","custom_attributes":""},"_id":"cd50e80","__dynamic__":{"text":"[elementor-tag id=\"34db317\" name=\"post-terms\" settings=\"%7B%22taxonomy%22%3A%22city%22%2C%22separator%22%3A%22%2C%20%22%2C%22link%22%3A%22%22%7D\"]"}},{"text":"List Item","selected_icon":{"value":"","library":""},"link":{"url":"","is_external":"","nofollow":"","custom_attributes":""},"_id":"919f010","__dynamic__":{"text":"[elementor-tag id=\"8b239ff\" name=\"post-terms\" settings=\"%7B%22taxonomy%22%3A%22state%22%2C%22separator%22%3A%22%2C%20%22%2C%22link%22%3A%22%22%7D\"]"}}],"icon_color":"#f7657d","icon_size":{"unit":"px","size":19},"text_color":"#435061","icon_typography_typography":"custom","icon_typography_font_family":"Roboto","icon_typography_font_size":{"unit":"px","size":15},"icon_typography_font_weight":"300","_padding":{"unit":"px","top":"10","right":"30","bottom":"10","left":"30","isLinked":false},"view":"inline","divider":"yes","divider_weight":{"unit":"px","size":2,"sizes":[]},"divider_height":{"unit":"%","size":67,"sizes":[]},"space_between":{"unit":"px","size":8,"sizes":[]},"icon_self_align":"left","text_indent":{"unit":"px","size":0,"sizes":[]}},"elements":[],"isInner":false,"widgetType":"icon-list","elType":"widget"}],"isInner":false,"elType":"column"}],"isInner":false,"elType":"section"}]}