{"version":"0.4","title":"Buildings Archive","type":"archive","content":[{"id":"7c329529","settings":{"background_background":"classic","background_image":{"id":116,"url":"https:\/\/demo.goose.studio\/officespaces\/wp-content\/uploads\/sites\/2\/2020\/06\/random-sky-QnJInIIGXpo-unsplash1-1.jpg"},"background_position":"center center","background_size":"cover","background_overlay_background":"classic","background_overlay_color":"#000796","background_overlay_color_b":"#4054b2","background_overlay_color_b_stop":{"unit":"%","size":94},"background_overlay_gradient_angle":{"unit":"deg","size":250},"background_overlay_opacity":{"unit":"px","size":0.81},"shape_divider_bottom":"split","shape_divider_bottom_color":"#f5f5f5","shape_divider_bottom_width":{"unit":"%","size":300},"shape_divider_bottom_height":{"unit":"px","size":18},"shape_divider_bottom_negative":"yes","padding":{"unit":"px","top":"60","right":"0","bottom":"70","left":"0","isLinked":false},"margin":{"unit":"px","top":"","right":0,"bottom":"","left":0,"isLinked":true},"padding_mobile":{"unit":"px","top":"75","right":"20","bottom":"200","left":"20","isLinked":false}},"elements":[{"id":"3d7543f","settings":{"_column_size":100,"_inline_size":null},"elements":[{"id":"7b53185c","settings":{"title":"Our Buldings","align":"center","title_color":"#ffffff","typography_typography":"custom","typography_font_size":{"unit":"px","size":52},"typography_font_weight":"400","typography_font_size_mobile":{"unit":"px","size":47},"_animation":"slideInDown"},"elements":[],"isInner":false,"widgetType":"heading","elType":"widget"},{"id":"628e9f50","settings":{"color":"#ffffff","width":{"unit":"%","size":10},"align":"center","gap":{"unit":"px","size":10},"style":"dotted","weight":{"unit":"px","size":5},"text":"Divider"},"elements":[],"isInner":false,"widgetType":"divider","elType":"widget"}],"isInner":false,"elType":"column"}],"isInner":false,"elType":"section"},{"id":"64455f60","settings":{"background_background":"classic","background_color":"#f5f5f5","padding":{"unit":"px","top":"50","right":"0","bottom":"80","left":"0","isLinked":false}},"elements":[{"id":"139f8890","settings":{"_column_size":100},"elements":[{"id":"59cb939e","settings":{"icon":"fa fa-home","primary_color":"rgba(97,206,112,0.1)","size":{"unit":"px","size":221},"_margin":{"unit":"px","top":"0","right":"0","bottom":"-220","left":"0","isLinked":false},"selected_icon":{"value":"fas fa-building","library":"fa-solid"},"__fa4_migrated":{"selected_icon":true}},"elements":[],"isInner":false,"widgetType":"icon","elType":"widget"},{"id":"5ce01681","settings":{"data_source":"taxonomies","filter_var":"state","taxonomies":"state","show_empty_taxonomies":"","display_search_button":"yes","title_text":"Select a state","title_tag":"h3","button_text":"List buildings"},"elements":[],"isInner":false,"widgetType":"gs-qe-dropdown-filter","elType":"widget"},{"id":"645d9765","settings":{"paging_posts_per_page":"10","row_layout_columns":{"unit":"%","size":33,"sizes":[]},"item_content_postfix_text":" ...","item_content_read_more_text":"Read More \u00bb","_skin":"archive-single-item-custom-template","gs-qe-cpt-archive_template":"252","order_order_by":"name","order_order_by_limit":[],"order_order":"asc","restrictions_restrict_to_logged_in":"","taxonomy_criteria":[{"taxonomies_taxonomy":"state","taxonomies_taxonomy_field":"term_taxonomy_id","taxonomies_taxonomy_terms_type":"dynamic","taxonomies_taxonomy_terms_defined":"","taxonomies_taxonomy_terms_dynamic":"state","taxonomies_taxonomy_terms_dynamic_default":"","taxonomies_taxonomy_operator":"IN","_id":"c5ae054"}],"spinner":"pulse","spinner_primary_color":"#6EC1E4","spinner_secondary_color":"#6373C9"},"elements":[],"isInner":false,"widgetType":"gs-qe-cpt-archive","elType":"widget"}],"isInner":false,"elType":"column"}],"isInner":false,"elType":"section"},{"id":"49e58938","settings":{"gap":"no","custom_height":{"unit":"px","size":800},"content_position":"middle","padding":{"unit":"px","top":"100","right":"0","bottom":"100","left":"0","isLinked":false},"padding_tablet":{"unit":"px","top":"100","right":"25","bottom":"100","left":"25","isLinked":false},"padding_mobile":{"unit":"px","top":"50","right":"20","bottom":"50","left":"20","isLinked":false},"background_background":"classic","background_image":{"id":"195","url":"https:\/\/demo.goose.studio\/officespaces\/wp-content\/uploads\/sites\/2\/2020\/06\/header-1.jpg"},"background_overlay_background":"classic","background_overlay_color":"#000796","background_overlay_color_b":"#4054b2","background_overlay_gradient_angle":{"unit":"deg","size":220},"background_overlay_opacity":{"unit":"px","size":0.69},"background_size":"cover"},"elements":[{"id":"72b044cf","settings":{"_column_size":100},"elements":[{"id":"7a0e282c","settings":{"title":"Need to discuss a property?","align":"center","title_color":"#ffffff","typography_typography":"custom","typography_font_size":{"unit":"px","size":45},"typography_font_weight":"600","typography_font_size_mobile":{"unit":"px","size":35},"typography_font_size_tablet":{"unit":"px","size":40}},"elements":[],"isInner":false,"widgetType":"heading","elType":"widget"},{"id":"36c8b616","settings":{"title":"Get updates on our all listings","header_size":"h5","align":"center","title_color":"#ffffff","typography_typography":"custom","typography_font_size":{"unit":"px","size":15},"typography_font_weight":"400","typography_text_transform":"uppercase","typography_letter_spacing":{"unit":"px","size":3},"typography_line_height_mobile":{"unit":"px","size":20},"typography_font_size_tablet":{"unit":"px","size":13},"_padding":{"unit":"px","top":"20","right":"0","bottom":"20","left":"0","isLinked":false}},"elements":[],"isInner":false,"widgetType":"heading","elType":"widget"},{"id":"7b769ca8","settings":{"text":"Contact Us","align":"center","icon":"fa fa-chevron-right","icon_align":"right","icon_indent":{"unit":"px","size":9},"background_color":"#f7657d","text_padding":{"unit":"px","top":"20","right":"40","bottom":"20","left":"40","isLinked":false},"_padding":{"unit":"px","top":"0","right":"0","bottom":"0","left":"0","isLinked":false},"selected_icon":{"value":"fas fa-chevron-right","library":"fa-solid"}},"elements":[],"isInner":false,"widgetType":"button","elType":"widget"}],"isInner":false,"elType":"column"}],"isInner":false,"elType":"section"},{"id":"4cb81dde","settings":{"background_background":"none","padding":{"unit":"px","top":"70","right":"0","bottom":"70","left":"0","isLinked":false}},"elements":[{"id":"35444c10","settings":{"_column_size":100,"_inline_size":null},"elements":[{"id":"304603ac","settings":{"carousel":[{"id":"87","url":"https:\/\/demo.goose.studio\/officespaces\/wp-content\/uploads\/sites\/2\/2020\/06\/darkside.png"},{"id":"82","url":"https:\/\/demo.goose.studio\/officespaces\/wp-content\/uploads\/sites\/2\/2020\/06\/armond.png"},{"id":"86","url":"https:\/\/demo.goose.studio\/officespaces\/wp-content\/uploads\/sites\/2\/2020\/06\/fifthflour.png"},{"id":"85","url":"https:\/\/demo.goose.studio\/officespaces\/wp-content\/uploads\/sites\/2\/2020\/06\/digit.png"},{"id":"84","url":"https:\/\/demo.goose.studio\/officespaces\/wp-content\/uploads\/sites\/2\/2020\/06\/bolier.png"},{"id":"83","url":"https:\/\/demo.goose.studio\/officespaces\/wp-content\/uploads\/sites\/2\/2020\/06\/bastil.png"}],"thumbnail_size":"custom","thumbnail_custom_dimension":{"width":"140","height":"100"},"slides_to_show":"5","navigation":"arrows","arrows_color":"#4a4a4a","image_spacing_custom":{"unit":"px","size":0},"slides_to_show_mobile":"1"},"elements":[],"isInner":false,"widgetType":"image-carousel","elType":"widget"}],"isInner":false,"elType":"column"}],"isInner":false,"elType":"section"}]}