{"version":"0.4","title":"Building","type":"single","content":[{"id":"6cee26cc","settings":{"content_width":{"unit":"px","size":"980"},"background_background":"classic","background_position":"center center","background_size":"cover","shape_divider_bottom":"arrow","shape_divider_bottom_color":"#eeeeee","shape_divider_bottom_width":{"unit":"%","size":300},"shape_divider_bottom_width_mobile":{"unit":"%","size":"600"},"shape_divider_bottom_height":{"unit":"px","size":15},"shape_divider_bottom_flip":"yes","padding":{"unit":"px","top":"90","right":"0","bottom":"90","left":"0","isLinked":false},"padding_tablet":{"unit":"px","top":"50","right":"30","bottom":"50","left":"30","isLinked":false},"padding_mobile":{"unit":"px","top":"20","right":"20","bottom":"40","left":"20","isLinked":false},"background_overlay_background":"classic","background_overlay_color":"#000796","background_overlay_color_b":"rgba(109,175,96,0.61)","background_overlay_gradient_angle":{"unit":"deg","size":360},"background_overlay_opacity":{"unit":"px","size":0.7},"__dynamic__":{"background_image":"[elementor-tag id=\"d34331d\" name=\"gs-qe-post-featured-image\" settings=\"%7B%7D\"]"}},"elements":[{"id":"52b6e631","settings":{"_column_size":100,"_inline_size":null,"background_background":"classic","background_color":"rgba(255,255,255,0.92)","box_shadow_box_shadow_type":"yes","box_shadow_box_shadow":{"horizontal":0,"vertical":0,"blur":"30","spread":0,"inset":"","color":"rgba(0,0,0,0.22)"},"margin":{"unit":"%","top":"0","right":"0","bottom":"0","left":"55","isLinked":false},"margin_tablet":{"unit":"%","top":"0","right":"50","bottom":"0","left":"0","isLinked":false},"margin_mobile":{"unit":"px","top":"0","right":"0","bottom":"0","left":"0","isLinked":true},"padding":{"unit":"px","top":"45","right":"45","bottom":"45","left":"45","isLinked":true},"padding_mobile":{"unit":"px","top":"25","right":"25","bottom":"25","left":"25","isLinked":true}},"elements":[{"id":"22a8f4a2","settings":{"title":"Luxury Apartments Aqua Fina ","align_mobile":"center","title_color":"#24031e","typography_typography":"custom","typography_font_size":{"unit":"px","size":35},"typography_font_weight":"600","typography_line_height":{"unit":"em","size":1.3},"typography_letter_spacing":{"unit":"px","size":0},"__dynamic__":{"title":"[elementor-tag id=\"752439f\" name=\"post-title\" settings=\"%7B%7D\"]"}},"elements":[],"isInner":false,"widgetType":"heading","elType":"widget"},{"id":"73f940de","settings":{"title":"Lorem Ipsum&nbsp;is simply dummy text of the printing and typesetting","size":"medium","header_size":"p","title_color":"#54595f","typography_typography":"custom","typography_font_size":{"unit":"px","size":18},"typography_font_weight":"400","typography_line_height":{"unit":"em","size":1.4},"__dynamic__":{"title":"[elementor-tag id=\"2074694\" name=\"post-excerpt\" settings=\"%7B%7D\"]"}},"elements":[],"isInner":false,"widgetType":"heading","elType":"widget"},{"id":"76bccf82","settings":{"title":"$1,300,000","header_size":"h4","align_mobile":"center","title_color":"#23a455","typography_typography":"custom","typography_font_size":{"unit":"px","size":35},"typography_font_weight":"700","_padding":{"unit":"px","top":"0","right":"0","bottom":"20","left":"0","isLinked":false},"__dynamic__":{"title":"[elementor-tag id=\"ad93090\" name=\"acf-field\" settings=\"%7B%22key%22%3A%22building_information%3Alowest_monthly_cost%22%2C%22use_as_text%22%3A%22yes%22%2C%22prefix%22%3A%22%24%22%2C%22before%22%3A%22Rent%20from%20%22%7D\"]"}},"elements":[],"isInner":false,"widgetType":"heading","elType":"widget"},{"id":"3d5ee0f7","settings":{"text":"Contact Us","align":"justify","size":"lg","typography_typography":"custom","typography_font_weight":"700","typography_text_transform":"uppercase","typography_letter_spacing":{"unit":"px","size":5.4},"background_color":"#f7657d","button_background_hover_color":"#84c12e"},"elements":[],"isInner":false,"widgetType":"button","elType":"widget"}],"isInner":false,"elType":"column"}],"isInner":false,"elType":"section"},{"id":"77e59876","settings":{"content_width":{"unit":"px","size":"980"},"background_background":"classic","background_color":"#eeeeee","shape_divider_top_width":{"unit":"%","size":300},"shape_divider_top_width_mobile":{"unit":"%","size":"600"},"shape_divider_top_height":{"unit":"px","size":"15"},"shape_divider_top_flip":"yes","padding":{"unit":"px","top":"60","right":"0","bottom":"40","left":"0","isLinked":false},"layout":"full_width"},"elements":[{"id":"7e5a097c","settings":{"_column_size":100,"_inline_size":null,"margin":{"unit":"px","top":"0","right":"0","bottom":"0","left":"0","isLinked":true},"padding":{"unit":"px","top":"0","right":"0","bottom":"0","left":"0","isLinked":true}},"elements":[{"id":"7779fc99","settings":{"title":"Office Spaces","align":"center","title_color":"#24031e","typography_typography":"custom","typography_font_size":{"unit":"px","size":36},"typography_font_weight":"500","typography_text_transform":"none","typography_letter_spacing":{"unit":"px","size":4.4}},"elements":[],"isInner":false,"widgetType":"heading","elType":"widget"},{"id":"4b08d300","settings":{"title":"Individual Rooms","header_size":"h3","align":"center"},"elements":[],"isInner":false,"widgetType":"heading","elType":"widget"},{"id":"7defdee9","settings":{"post_type":"space","custom_query":[{"criteria_where_key":"ID","criteria_where_compare_type":"IN","criteria_where_compare_like":"%s%","criteria_where_value_field":"","criteria_where_value_field_1":"","criteria_where_value_field_2":"","criteria_where_date_field_1":"","criteria_where_date_field_2":"","_id":"4c3803c","__dynamic__":{"criteria_where_value_field":"[elementor-tag id=\"e41590b\" name=\"meta-keys\" settings=\"%7B%22meta_key%22%3A%22officespace_to_building%22%7D\"]"}}],"paging_posts_per_page":"10","item_content_postfix_text":" ...","item_content_read_more_text":"Read More \u00bb","_skin":"archive-single-item-custom-template","gs-qe-posts_template":"390","row_layout_columns":{"unit":"%","size":100,"sizes":[]},"query_type":"meta","meta_query":[{"meta_query_params_meta_key":"type_of_room","meta_query_params_meta_compare":"=","meta_query_params_meta_value_type":"CHAR","meta_query_params_meta_value_char":"single","meta_query_params_meta_value_numeric":"","meta_query_params_meta_value_numeric_mixed_range":"","meta_query_params_meta_value_date":"","meta_query_params_meta_value_datetime":"","meta_query_params_meta_value_time":"","meta_query_params_meta_value_char_param_2":"","meta_query_params_meta_value_numeric_param_2":"","meta_query_params_meta_value_date_param_2":"","meta_query_params_meta_value_datetime_param_2":"","meta_query_params_meta_value_time_param_2":"","_id":"25d71a0","__dynamic__":{"meta_query_params_meta_key":"[elementor-tag id=\"42bba40\" name=\"meta-keys\" settings=\"%7B%22meta_key%22%3A%22type_of_room%22%7D\"]"}}]},"elements":[],"isInner":false,"widgetType":"gs-qe-posts","elType":"widget"}],"isInner":false,"elType":"column"}],"isInner":false,"elType":"section"},{"id":"4f3a5bbb","settings":{"content_width":{"unit":"px","size":"980"},"background_background":"classic","background_color":"#eeeeee","shape_divider_top_width":{"unit":"%","size":300},"shape_divider_top_width_mobile":{"unit":"%","size":"600"},"shape_divider_top_height":{"unit":"px","size":"15"},"shape_divider_top_flip":"yes","padding":{"unit":"px","top":"60","right":"0","bottom":"40","left":"0","isLinked":false},"layout":"full_width"},"elements":[{"id":"2b5c6f2f","settings":{"_column_size":100,"_inline_size":null,"margin":{"unit":"px","top":"0","right":"0","bottom":"0","left":"0","isLinked":true},"padding":{"unit":"px","top":"0","right":"0","bottom":"0","left":"0","isLinked":true},"align":"center"},"elements":[{"id":"14e07107","settings":{"title":"Agents","align":"center","title_color":"#24031e","typography_typography":"custom","typography_font_size":{"unit":"px","size":36},"typography_font_weight":"500","typography_text_transform":"none","typography_letter_spacing":{"unit":"px","size":4.4}},"elements":[],"isInner":false,"widgetType":"heading","elType":"widget"},{"id":"419b79eb","settings":{"post_type":"agent","paging_posts_per_page":"10","item_content_postfix_text":" ...","item_content_read_more_text":"Read More \u00bb","custom_query":[{"criteria_where_key":"ID","criteria_where_compare_type":"IN","criteria_where_compare_like":"%s%","criteria_where_value_field":"255,237","criteria_where_value_field_1":"","criteria_where_value_field_2":"","criteria_where_date_field_1":"","criteria_where_date_field_2":"","_id":"39d57b5","__dynamic__":{"criteria_where_value_field":"[elementor-tag id=\"2d0d449\" name=\"meta-keys\" settings=\"%7B%22meta_key%22%3A%22buildings_to_agents%22%7D\"]"}}],"_skin":"archive-single-item-custom-template","gs-qe-posts_template":"298","row_layout_columns":{"unit":"px","size":300,"sizes":[]},"row_layout_box_justify":"center","row_layout_box_alignment":"center","grid_layout_layouting_type":"manual","grid_layout_item_width_auto":{"unit":"%","size":"","sizes":[]},"grid_layout_columns":"3","title":"No agents found","description":"We don't have any agents available at the moment."},"elements":[],"isInner":false,"widgetType":"gs-qe-posts","elType":"widget"}],"isInner":false,"elType":"column"}],"isInner":false,"elType":"section"},{"id":"3eeb1d40","settings":{"background_background":"classic","background_color":"#f5f5f5","padding":{"unit":"px","top":"70","right":"0","bottom":"70","left":"0","isLinked":false}},"elements":[{"id":"255de3d9","settings":{"_column_size":100},"elements":[{"id":"edeac4b","settings":{"structure":"20"},"elements":[{"id":"504a64f3","settings":{"_column_size":50,"_inline_size":null},"elements":[{"id":"6720f81a","settings":{"title":"Our Client Says","title_color":"#435061","typography_typography":"custom","typography_font_weight":"500","_padding":{"unit":"px","top":"0","right":"0","bottom":"60","left":"0","isLinked":false},"typography_font_size":{"unit":"px","size":37}},"elements":[],"isInner":false,"widgetType":"heading","elType":"widget"},{"id":"7c830611","settings":{"icon":"fa fa-quote-left","align":"left","primary_color":"#e0e0e0","size":{"unit":"px","size":81},"_margin":{"unit":"px","top":"0","right":"0","bottom":"-69","left":"0","isLinked":false}},"elements":[],"isInner":false,"widgetType":"icon","elType":"widget"},{"id":"63a5962d","settings":{"testimonial_content":"Far far away, behind the word mountains, far from the countries Vokalia and Consonantia, there live the blind texts. Separated they live in Bookmarksgrove right","testimonial_image":{"id":"263","url":"https:\/\/demo.goose.studio\/officespaces\/wp-content\/uploads\/sites\/2\/2020\/07\/jenny.png"},"testimonial_name":"Anon Eventon","testimonial_job":"Marketing guru","testimonial_alignment":"left","content_content_color":"#435061","content_typography_typography":"custom","content_typography_font_family":"Roboto","content_typography_font_size":{"unit":"px","size":18},"content_typography_font_size_tablet":{"unit":"px","size":14},"content_typography_font_weight":"300","name_text_color":"#435061","name_typography_typography":"custom","name_typography_font_family":"Roboto","name_typography_font_size":{"unit":"px","size":21},"name_typography_font_weight":"500","name_typography_line_height":{"unit":"em","size":1.9},"job_text_color":"#f7657d","job_typography_typography":"custom","job_typography_font_family":"Roboto"},"elements":[],"isInner":false,"widgetType":"testimonial","elType":"widget"}],"isInner":true,"elType":"column"},{"id":"60a8d9f8","settings":{"_column_size":50,"_inline_size":null},"elements":[{"id":"7928a5ec","settings":{"title":"Frequently Asked Questions?","title_color":"#435061","typography_typography":"custom","typography_font_weight":"500","_padding":{"unit":"px","top":"0","right":"0","bottom":"040","left":"0","isLinked":false},"_padding_mobile":{"unit":"px","top":"50","right":"0","bottom":"0","left":"0","isLinked":false},"typography_font_size":{"unit":"px","size":39},"typography_line_height":{"unit":"em","size":1.3}},"elements":[],"isInner":false,"widgetType":"heading","elType":"widget"},{"id":"62f40a07","settings":{"tabs":[{"tab_title":"1. Is it possible to reserve a flat without any Payment?","tab_content":"<p>Far far away, behind the word mountains, far from the countries Vokalia and Consonantia, there live the blind texts. Separated they live in Bookmarksgrove right<\/p>","_id":"d82c30b"},{"tab_title":"2. How can I get Support from Your Agent?","tab_content":"<p>Far far away, behind the word mountains, far from the countries Vokalia and Consonantia, there live the blind texts. Separated they live in Bookmarksgrove right<\/p>","_id":"b7dddd8"},{"tab_title":"3. How to Apply for Home Loan regarding Your Company?","tab_content":"<p>Far far away, behind the word mountains, far from the countries Vokalia and Consonantia, there live the blind texts. Separated they live in Bookmarksgrove right<\/p>","_id":"c0255c1"}],"icon":"fa fa-chevron-down","icon_active":"fa fa-chevron-up","border_color":"rgba(0,0,0,0)","title_background":"#ffffff","title_color":"#435061","title_typography_typography":"custom","title_typography_font_family":"Roboto","title_typography_font_size":{"unit":"px","size":15},"title_typography_font_size_tablet":{"unit":"px","size":17},"title_typography_font_weight":"400","title_padding":{"unit":"px","top":"20","right":"15","bottom":"20","left":"15","isLinked":false},"icon_align":"right","icon_active_color":"#f7657d","icon_space":{"unit":"px","size":0},"content_background_color":"#ffffff","content_color":"#435061","content_typography_typography":"custom","content_typography_font_family":"Roboto","content_typography_font_weight":"300","_css_classes":"custom-accordion"},"elements":[],"isInner":false,"widgetType":"accordion","elType":"widget"}],"isInner":true,"elType":"column"}],"isInner":true,"elType":"section"}],"isInner":false,"elType":"column"}],"isInner":false,"elType":"section"},{"id":"5cbde3c4","settings":{"gap":"no","custom_height":{"unit":"px","size":800},"content_position":"middle","padding":{"unit":"px","top":"100","right":"0","bottom":"100","left":"0","isLinked":false},"padding_tablet":{"unit":"px","top":"00","right":"25","bottom":"50","left":"25","isLinked":false},"padding_mobile":{"unit":"px","top":"50","right":"20","bottom":"50","left":"20","isLinked":false}},"elements":[{"id":"559ddf19","settings":{"_column_size":100},"elements":[{"id":"48466d17","settings":{"gap":"no","content_position":"middle","structure":"40","padding":{"unit":"px","top":"25","right":"0","bottom":"0","left":"0","isLinked":false},"padding_mobile":{"unit":"px","top":"15","right":"0","bottom":"0","left":"0","isLinked":false}},"elements":[{"id":"c065516","settings":{"_column_size":25,"_inline_size":null,"box_shadow_box_shadow":{"horizontal":0,"vertical":0,"blur":25,"spread":0,"color":"rgba(0,0,0,0.15)"},"box_shadow_hover_box_shadow_type":"yes","box_shadow_hover_box_shadow":{"horizontal":0,"vertical":0,"blur":25,"spread":0,"color":"rgba(0,0,0,0.16)"},"margin":{"unit":"px","top":"5","right":"5","bottom":"5","left":"5","isLinked":true},"padding":{"unit":"px","top":"25","right":"25","bottom":"25","left":"25","isLinked":true}},"elements":[{"id":"ea6bb79","settings":{"image":{"id":"87","url":"https:\/\/demo.goose.studio\/officespaces\/wp-content\/uploads\/sites\/2\/2020\/06\/darkside.png"},"space":{"unit":"%","size":45},"space_tablet":{"unit":"%","size":60}},"elements":[],"isInner":false,"widgetType":"image","elType":"widget"}],"isInner":true,"elType":"column"},{"id":"26f5a453","settings":{"_column_size":25,"_inline_size":null,"box_shadow_box_shadow":{"horizontal":0,"vertical":0,"blur":25,"spread":0,"color":"rgba(0,0,0,0.15)"},"box_shadow_hover_box_shadow_type":"yes","box_shadow_hover_box_shadow":{"horizontal":0,"vertical":0,"blur":25,"spread":0,"color":"rgba(0,0,0,0.16)"},"margin":{"unit":"px","top":"5","right":"5","bottom":"5","left":"5","isLinked":true},"padding":{"unit":"px","top":"25","right":"25","bottom":"25","left":"25","isLinked":true},"margin_mobile":{"unit":"px","top":"25","right":"0","bottom":"0","left":"0","isLinked":false}},"elements":[{"id":"24e559e8","settings":{"image":{"id":"86","url":"https:\/\/demo.goose.studio\/officespaces\/wp-content\/uploads\/sites\/2\/2020\/06\/fifthflour.png"},"space":{"unit":"%","size":45},"space_tablet":{"unit":"%","size":60}},"elements":[],"isInner":false,"widgetType":"image","elType":"widget"}],"isInner":true,"elType":"column"},{"id":"1d0cd29b","settings":{"_column_size":25,"_inline_size":null,"box_shadow_box_shadow":{"horizontal":0,"vertical":0,"blur":25,"spread":0,"color":"rgba(0,0,0,0.15)"},"box_shadow_hover_box_shadow_type":"yes","box_shadow_hover_box_shadow":{"horizontal":0,"vertical":0,"blur":25,"spread":0,"color":"rgba(0,0,0,0.16)"},"margin":{"unit":"px","top":"5","right":"5","bottom":"5","left":"5","isLinked":true},"padding":{"unit":"px","top":"25","right":"25","bottom":"25","left":"25","isLinked":true},"margin_mobile":{"unit":"px","top":"25","right":"0","bottom":"0","left":"0","isLinked":false}},"elements":[{"id":"1d1ff782","settings":{"image":{"id":"85","url":"https:\/\/demo.goose.studio\/officespaces\/wp-content\/uploads\/sites\/2\/2020\/06\/digit.png"},"space":{"unit":"%","size":45},"space_tablet":{"unit":"%","size":60}},"elements":[],"isInner":false,"widgetType":"image","elType":"widget"}],"isInner":true,"elType":"column"},{"id":"60de617f","settings":{"_column_size":25,"_inline_size":null,"box_shadow_box_shadow":{"horizontal":0,"vertical":0,"blur":25,"spread":0,"color":"rgba(0,0,0,0.15)"},"box_shadow_hover_box_shadow_type":"yes","box_shadow_hover_box_shadow":{"horizontal":0,"vertical":0,"blur":25,"spread":0,"color":"rgba(0,0,0,0.16)"},"margin":{"unit":"px","top":"5","right":"5","bottom":"5","left":"5","isLinked":true},"padding":{"unit":"px","top":"25","right":"25","bottom":"25","left":"25","isLinked":true},"margin_mobile":{"unit":"px","top":"25","right":"0","bottom":"0","left":"0","isLinked":false}},"elements":[{"id":"47a85ae1","settings":{"image":{"id":"83","url":"https:\/\/demo.goose.studio\/officespaces\/wp-content\/uploads\/sites\/2\/2020\/06\/bastil.png"},"space":{"unit":"%","size":45},"space_tablet":{"unit":"%","size":60}},"elements":[],"isInner":false,"widgetType":"image","elType":"widget"}],"isInner":true,"elType":"column"}],"isInner":true,"elType":"section"},{"id":"3b8c88aa","settings":{"gap":"no","content_position":"middle","structure":"40","padding":{"unit":"px","top":"0","right":"0","bottom":"0","left":"0","isLinked":false}},"elements":[{"id":"b166d42","settings":{"_column_size":25,"_inline_size":null,"box_shadow_box_shadow":{"horizontal":0,"vertical":0,"blur":25,"spread":0,"color":"rgba(0,0,0,0.15)"},"box_shadow_hover_box_shadow_type":"yes","box_shadow_hover_box_shadow":{"horizontal":0,"vertical":0,"blur":25,"spread":0,"color":"rgba(0,0,0,0.16)"},"margin":{"unit":"px","top":"5","right":"5","bottom":"5","left":"5","isLinked":true},"padding":{"unit":"px","top":"25","right":"25","bottom":"25","left":"25","isLinked":true},"margin_mobile":{"unit":"px","top":"25","right":"0","bottom":"0","left":"0","isLinked":false}},"elements":[{"id":"28318c93","settings":{"image":{"id":"82","url":"https:\/\/demo.goose.studio\/officespaces\/wp-content\/uploads\/sites\/2\/2020\/06\/armond.png"},"space":{"unit":"%","size":45},"space_tablet":{"unit":"%","size":60}},"elements":[],"isInner":false,"widgetType":"image","elType":"widget"}],"isInner":true,"elType":"column"},{"id":"3d2523c8","settings":{"_column_size":25,"_inline_size":null,"box_shadow_box_shadow":{"horizontal":0,"vertical":0,"blur":25,"spread":0,"color":"rgba(0,0,0,0.15)"},"box_shadow_hover_box_shadow_type":"yes","box_shadow_hover_box_shadow":{"horizontal":0,"vertical":0,"blur":25,"spread":0,"color":"rgba(0,0,0,0.16)"},"margin":{"unit":"px","top":"5","right":"5","bottom":"5","left":"5","isLinked":true},"padding":{"unit":"px","top":"25","right":"25","bottom":"25","left":"25","isLinked":true},"margin_mobile":{"unit":"px","top":"25","right":"0","bottom":"0","left":"0","isLinked":false}},"elements":[{"id":"2074feec","settings":{"image":{"id":"86","url":"https:\/\/demo.goose.studio\/officespaces\/wp-content\/uploads\/sites\/2\/2020\/06\/fifthflour.png"},"space":{"unit":"%","size":45},"space_tablet":{"unit":"%","size":60}},"elements":[],"isInner":false,"widgetType":"image","elType":"widget"}],"isInner":true,"elType":"column"},{"id":"145c766","settings":{"_column_size":25,"_inline_size":null,"box_shadow_box_shadow":{"horizontal":0,"vertical":0,"blur":25,"spread":0,"color":"rgba(0,0,0,0.15)"},"box_shadow_hover_box_shadow_type":"yes","box_shadow_hover_box_shadow":{"horizontal":0,"vertical":0,"blur":25,"spread":0,"color":"rgba(0,0,0,0.16)"},"margin":{"unit":"px","top":"5","right":"5","bottom":"5","left":"5","isLinked":true},"padding":{"unit":"px","top":"25","right":"25","bottom":"25","left":"25","isLinked":true},"margin_mobile":{"unit":"px","top":"25","right":"0","bottom":"0","left":"0","isLinked":false}},"elements":[{"id":"6399d209","settings":{"image":{"id":"84","url":"https:\/\/demo.goose.studio\/officespaces\/wp-content\/uploads\/sites\/2\/2020\/06\/bolier.png"},"space":{"unit":"%","size":45},"space_tablet":{"unit":"%","size":60}},"elements":[],"isInner":false,"widgetType":"image","elType":"widget"}],"isInner":true,"elType":"column"},{"id":"3f2cbeb0","settings":{"_column_size":25,"_inline_size":null,"box_shadow_box_shadow":{"horizontal":0,"vertical":0,"blur":25,"spread":0,"color":"rgba(0,0,0,0.15)"},"box_shadow_hover_box_shadow_type":"yes","box_shadow_hover_box_shadow":{"horizontal":0,"vertical":0,"blur":25,"spread":0,"color":"rgba(0,0,0,0.16)"},"margin":{"unit":"px","top":"5","right":"5","bottom":"5","left":"5","isLinked":true},"padding":{"unit":"px","top":"25","right":"25","bottom":"25","left":"25","isLinked":true},"margin_mobile":{"unit":"px","top":"25","right":"0","bottom":"0","left":"0","isLinked":false}},"elements":[{"id":"7b08eef1","settings":{"image":{"id":"87","url":"https:\/\/demo.goose.studio\/officespaces\/wp-content\/uploads\/sites\/2\/2020\/06\/darkside.png"},"space":{"unit":"%","size":45},"space_tablet":{"unit":"%","size":60}},"elements":[],"isInner":false,"widgetType":"image","elType":"widget"}],"isInner":true,"elType":"column"}],"isInner":true,"elType":"section"}],"isInner":false,"elType":"column"}],"isInner":false,"elType":"section"}]}