{"version":"0.4","title":"Header","type":"header","content":[{"id":"64359da5","settings":{"custom_height":{"unit":"px","size":""},"background_background":"classic","background_color_b":"#ffffff","padding_tablet":{"unit":"px","top":"0","right":"20","bottom":"0","left":"20","isLinked":false},"padding_mobile":{"unit":"px","top":"20","right":"20","bottom":"20","left":"20","isLinked":false},"custom_height_mobile":{"unit":"px","size":100},"margin":{"unit":"%","top":"","right":0,"bottom":"","left":0,"isLinked":false},"padding":{"unit":"px","top":"0","right":"0","bottom":"0","left":"0","isLinked":false},"_element_id":"envato-101-header"},"elements":[{"id":"6a1ccf8c","settings":{"_column_size":100,"_inline_size":null,"_inline_size_tablet":80,"_inline_size_mobile":100},"elements":[{"id":"4b735268","settings":{"structure":"20","hide_mobile":"hidden-phone","height_inner":"min-height","custom_height_inner":{"unit":"px","size":5},"gap":"no","margin":{"unit":"px","top":"0","right":0,"bottom":"0","left":0,"isLinked":true}},"elements":[{"id":"54f8cdb6","settings":{"_column_size":50,"_inline_size":64.733,"_inline_size_mobile":33,"margin":{"unit":"px","top":"","right":"","bottom":"","left":"","isLinked":false},"padding":{"unit":"px","top":"","right":"","bottom":"","left":"","isLinked":false}},"elements":[{"id":"97d009d","settings":{"view":"inline","icon_list":[{"text":"Wilson, KS 67490","icon":"fa fa-map-marker","_id":"5866efa","link":{"url":"","is_external":"","nofollow":"","custom_attributes":""},"selected_icon":{"value":"fas fa-check","library":"fa-solid"}},{"text":"test@test.com","icon":"fa fa-envelope","_id":"72b777d","link":{"url":"","is_external":"","nofollow":"","custom_attributes":""},"selected_icon":{"value":"fas fa-check","library":"fa-solid"}},{"text":"24\/7 Customer Support","icon":"fa fa-phone","_id":"99aba51","link":{"url":"","is_external":"","nofollow":"","custom_attributes":""},"selected_icon":{"value":"fas fa-check","library":"fa-solid"}}],"space_between":{"unit":"px","size":30},"icon_align":"left","icon_color":"#4c5b6d","icon_size_mobile":{"unit":"px","size":25},"text_color":"#192431","text_indent":{"unit":"px","size":10},"icon_typography_typography":"custom","icon_typography_font_family":"Montserrat","icon_typography_font_size":{"unit":"em","size":0.8},"icon_typography_font_weight":"500","icon_typography_line_height":{"unit":"em","size":2.5}},"elements":[],"isInner":false,"widgetType":"icon-list","elType":"widget"}],"isInner":true,"elType":"column"},{"id":"71abfb17","settings":{"_column_size":50,"_inline_size":35.267,"_inline_size_mobile":33},"elements":[{"id":"19266729","settings":{"social_icon_list":[{"social":"fa fa-facebook","_id":"320e991","link":{"url":"","is_external":"true","nofollow":"","custom_attributes":""},"social_icon":{"value":"fab fa-facebook-f","library":"fa-brands"},"item_icon_color":"default","item_icon_primary_color":"","item_icon_secondary_color":"","__fa4_migrated":{"social_icon":true}},{"social":"fa fa-twitter","_id":"1491259","link":{"url":"","is_external":"true","nofollow":"","custom_attributes":""},"social_icon":{"value":"fab fa-twitter","library":"fa-brands"},"item_icon_color":"default","item_icon_primary_color":"","item_icon_secondary_color":"","__fa4_migrated":{"social_icon":true}},{"social":"fa fa-github","link":{"url":"","is_external":"true","nofollow":"","custom_attributes":""},"_id":"8206083","social_icon":{"value":"fab fa-github","library":"fa-brands"},"item_icon_color":"default","item_icon_primary_color":"","item_icon_secondary_color":"","__fa4_migrated":{"social_icon":true}},{"social":"fa fa-bitbucket","link":{"url":"","is_external":"true","nofollow":"","custom_attributes":""},"_id":"dccfaf9","social_icon":{"value":"fab fa-bitbucket","library":"fa-brands"},"item_icon_color":"default","item_icon_primary_color":"","item_icon_secondary_color":"","__fa4_migrated":{"social_icon":true}}],"align":"right","icon_color":"custom","icon_primary_color":"rgba(0,0,0,0)","icon_secondary_color":"#4c5b6d","icon_size":{"unit":"px","size":15},"icon_spacing":{"unit":"px","size":11},"hover_primary_color":"#2c93f5","_margin":{"unit":"px","top":"0","right":"0","bottom":"0","left":"0","isLinked":false},"_padding":{"unit":"px","top":"0","right":"0","bottom":"0","left":"0","isLinked":false}},"elements":[],"isInner":false,"widgetType":"social-icons","elType":"widget"}],"isInner":true,"elType":"column"}],"isInner":true,"elType":"section"}],"isInner":false,"elType":"column"}],"isInner":false,"elType":"section"},{"id":"6fb8bb16","settings":{"content_position":"middle","structure":"20","background_background":"classic","background_color":"#491F6A","border_border":"solid","border_width":{"unit":"px","top":"3","right":"0","bottom":"0","left":"0","isLinked":false},"border_color":"#2c93f5","padding_tablet":{"unit":"px","top":"10","right":"10","bottom":"10","left":"10","isLinked":true},"padding_mobile":{"unit":"px","top":"20","right":"20","bottom":"20","left":"20","isLinked":true},"padding":{"unit":"em","top":"","right":"","bottom":"","left":"","isLinked":false},"background_color_stop":{"unit":"%","size":92},"background_color_b":"rgba(47,187,197,0)","background_gradient_angle":{"unit":"deg","size":0},"margin":{"unit":"px","top":"0","right":0,"bottom":"0","left":0,"isLinked":true}},"elements":[{"id":"3677b687","settings":{"_column_size":50,"_inline_size":28.947,"_inline_size_mobile":80},"elements":[{"id":"5da88746","settings":{"title":"Office Spaces","title_color":"#ffffff","typography_typography":"custom","typography_font_family":"Notable","align":"left","_margin":{"unit":"%","top":"","right":"","bottom":"","left":"","isLinked":false},"header_size":"h1","typography_font_size":{"unit":"em","size":2.2,"sizes":[]},"link":{"url":"\/officespace\/","is_external":"","nofollow":"","custom_attributes":""}},"elements":[],"isInner":false,"widgetType":"heading","elType":"widget"}],"isInner":false,"elType":"column"},{"id":"31d0b6f7","settings":{"_column_size":50,"_inline_size":71.053,"_inline_size_mobile":20},"elements":[{"id":"55bc4c83","settings":{"pointer":"background","color_menu_item":"#ffffff","color_menu_item_hover_pointer_bg":"#2b89ff","pointer_color_menu_item_hover":"#f1f1f1","menu_typography_typography":"custom","menu_typography_font_size":{"unit":"em","size":0.8},"menu_typography_font_weight":"700","menu_typography_text_transform":"uppercase","padding_horizontal_menu_item":{"unit":"px","size":31},"padding_vertical_menu_item":{"unit":"px","size":18},"full_width":"stretch","toggle_align":"left","dropdown_top_distance_tablet":{"unit":"px","size":13},"toggle_color":"#ffffff","menu_typography_font_family":"Montserrat","align_items":"right"},"elements":[],"isInner":false,"widgetType":"nav-menu","elType":"widget"}],"isInner":false,"elType":"column"}],"isInner":false,"elType":"section"}]}