{"version":"0.4","title":"Office Space List Item","type":"single-list-item","content":[{"id":"242063e9","settings":{"shape_divider_top_color":"#EAEAEA","shape_divider_bottom_color":"#EAEAEA","shape_divider_bottom_width":{"unit":"%","size":113,"sizes":[]},"structure":"20"},"elements":[{"id":"71eecc4b","settings":{"_column_size":50,"_inline_size":null,"border_width":{"unit":"px","top":"0","right":"3","bottom":"0","left":"0","isLinked":false},"border_color":"#C6C6C6","border_radius":{"unit":"px","top":"0","right":"0","bottom":"0","left":"0","isLinked":false}},"elements":[{"id":"460333dd","settings":{"repeater_field":"information","template":"417","row_layout_columns":{"unit":"%","size":100,"sizes":[]},"margins":{"unit":"px","top":"0","right":"0","bottom":"0","left":"0","isLinked":true},"padding":{"unit":"px","top":"0","right":"0","bottom":"0","left":"0","isLinked":true}},"elements":[],"isInner":false,"widgetType":"gs-ae-repeater","elType":"widget"}],"isInner":false,"elType":"column"},{"id":"db485ca","settings":{"_column_size":50,"_inline_size":null},"elements":[{"id":"2eeb194b","settings":{"width":{"unit":"%","size":100,"sizes":[]},"height":{"unit":"px","size":154,"sizes":[]},"enable_object_fit":"yes","object_fit":"cover","object_position":"center center","__dynamic__":{"image":"[elementor-tag id=\"463201c\" name=\"gs-qe-post-featured-image\" settings=\"%7B%7D\"]"}},"elements":[],"isInner":false,"widgetType":"image","elType":"widget"},{"id":"5ee2cd65","settings":{"title":"Gallery"},"elements":[],"isInner":false,"widgetType":"heading","elType":"widget"},{"id":"781de808","settings":{"galleries":[{"gallery_title":"New Gallery","_id":"4eb52fa","multiple_gallery":[]}],"show_all_galleries_label":"All","overlay_background":"","overlay_title":"alt","overlay_description":"alt","__dynamic__":{"gallery":"[elementor-tag id=\"18ac898\" name=\"acf-field-gallery\" settings=\"%7B%22key%22%3A%22gallery%22%7D\"]"}},"elements":[],"isInner":false,"widgetType":"gallery","elType":"widget"}],"isInner":false,"elType":"column"}],"isInner":false,"elType":"section"}]}